{
  "generatedBy": "Microsoft.NET.Sdk.Functions-3.0.11",
  "configurationSource": "attributes",
  "bindings": [
    {
      "type": "cosmosDBTrigger",
      "connectionStringSetting": "COSMOS_DB_CONNECTION_STRING",
      "leaseCollectionName": "leases",
      "createLeaseCollectionIfNotExists": true,
      "collectionName": "elx",
      "databaseName": "csharpguitar",
      "leaseDatabaseName": "csharpguitar",
      "startFromBeginning": false,
      "useMultipleWriteLocations": false,
      "useDefaultJsonSerialization": false,
      "name": "input"
    }
  ],
  "disabled": false,
  "scriptFile": "../bin/csharpguitarbugs-function.dll",
  "entryPoint": "csharpguitarbugs_function.f.Run"
}